{
  "Actor": {
    "types": ["character"],
    "templates": {
      "base": {
        "körper": { "stärke": 0, "ausdauer": 0, "agilität": 0 },
        "geist": { "intellekt": 0, "seele": 0, "weisheit": 0 },
        "sozial": { "charisma": 0, "wissen": 0, "handwerk": 0 },
        "bewegung": 0,
        "alter": 0,
        "xp": 0,
        "geschlecht": "",
        "rasse": "",
        "talente": { "notizen": "" },
        "waffentalente": {
          "einhandwaffen": 0,
          "zweihandwaffen": 0,
          "stangenwaffen": 0,
          "schusswaffen": 0,
          "schwerter": 0,
          "wuchtwaffen": 0,
          "kurzwaffen": 0
        },
        "zauber": [],
        "fähigkeiten": []
      }
    }
  },
  "Item": {
    "types": ["weapon", "talent", "zauber", "fähigkeit"],
    "templates": {
      "base": {
        "beschreibung": "",
        "wert": 0
      }
    }
  }
}